;param;accuracy;recall;precision;f1;TP;TN;FP;FN
0;{'contamination': 0.026073206721577955, 'max_features': 8, 'max_samples': 0.2, 'n_estimators': 100};0.956235751;0.068886052;0.0542086;0.060672277;4482975;6636;89697;115780
1;{'contamination': 0.026073206721577955, 'max_features': 8, 'max_samples': 0.2, 'n_estimators': 200};0.956298796;0.070422389;0.055417592;0.062025426;4483123;6784;89549;115632
2;{'contamination': 0.026073206721577955, 'max_features': 8, 'max_samples': 0.2, 'n_estimators': 300};0.956339264;0.071408552;0.056193635;0.062894002;4483218;6879;89454;115537
3;{'contamination': 0.026073206721577955, 'max_features': 8, 'max_samples': 0.05, 'n_estimators': 100};0.956242993;0.069062523;0.054347471;0.060827707;4482992;6653;89680;115763
4;{'contamination': 0.026073206721577955, 'max_features': 8, 'max_samples': 0.05, 'n_estimators': 200};0.956271959;0.069768408;0.054902954;0.061449424;4483060;6721;89612;115695
5;{'contamination': 0.026073206721577955, 'max_features': 8, 'max_samples': 0.05, 'n_estimators': 300};0.956217434;0.068439683;0.053857339;0.060279133;4482932;6593;89740;115823
6;{'contamination': 0.026073206721577955, 'max_features': 8, 'max_samples': 'auto', 'n_estimators': 100};0.955075389;0.040609137;0.031956607;0.035767021;4480251;3912;92421;118504
7;{'contamination': 0.026073206721577955, 'max_features': 8, 'max_samples': 'auto', 'n_estimators': 200};0.954960802;0.03781674;0.029759182;0.033307581;4479982;3643;92690;118773
8;{'contamination': 0.026073206721577955, 'max_features': 8, 'max_samples': 'auto', 'n_estimators': 300};0.954967617;0.03798283;0.029889884;0.033453867;4479998;3659;92674;118757
9;{'contamination': 0.026073206721577955, 'max_features': 6, 'max_samples': 0.2, 'n_estimators': 100};0.956340115;0.071429313;0.056209973;0.062912288;4483220;6881;89452;115535
10;{'contamination': 0.026073206721577955, 'max_features': 6, 'max_samples': 0.2, 'n_estimators': 200};0.956323076;0.071014087;0.055883218;0.062546572;4483180;6841;89492;115575
11;{'contamination': 0.026073206721577955, 'max_features': 6, 'max_samples': 0.2, 'n_estimators': 300};0.956262162;0.069529652;0.05471507;0.061239137;4483037;6698;89635;115718
12;{'contamination': 0.026073206721577955, 'max_features': 6, 'max_samples': 0.05, 'n_estimators': 100};0.956310297;0.070702667;0.055638152;0.062272285;4483150;6811;89522;115605
13;{'contamination': 0.026073206721577955, 'max_features': 6, 'max_samples': 0.05, 'n_estimators': 200};0.956108384;0.065782235;0.051766109;0.057938551;4482676;6337;89996;116079
14;{'contamination': 0.026073206721577955, 'max_features': 6, 'max_samples': 0.05, 'n_estimators': 300};0.956243419;0.069072903;0.05435564;0.06083685;4482993;6654;89679;115762
15;{'contamination': 0.026073206721577955, 'max_features': 6, 'max_samples': 'auto', 'n_estimators': 100};0.95490798;0.036529538;0.028746242;0.032173861;4479858;3519;92814;118897
16;{'contamination': 0.026073206721577955, 'max_features': 6, 'max_samples': 'auto', 'n_estimators': 200};0.955008085;0.038968993;0.030665926;0.034322443;4480093;3754;92579;118662
17;{'contamination': 0.026073206721577955, 'max_features': 6, 'max_samples': 'auto', 'n_estimators': 300};0.955002121;0.038823664;0.030551562;0.034194442;4480079;3740;92593;118676
18;{'contamination': 0.026073206721577955, 'max_features': 4, 'max_samples': 0.2, 'n_estimators': 100};0.956303481;0.070536576;0.05550745;0.062125998;4483134;6795;89538;115621
19;{'contamination': 0.026073206721577955, 'max_features': 4, 'max_samples': 0.2, 'n_estimators': 200};0.956176114;0.067432759;0.053064959;0.059392272;4482835;6496;89837;115920
20;{'contamination': 0.026073206721577955, 'max_features': 4, 'max_samples': 0.2, 'n_estimators': 300};0.95618932;0.06775456;0.053318194;0.059675701;4482866;6527;89806;115889
21;{'contamination': 0.026073206721577955, 'max_features': 4, 'max_samples': 0.05, 'n_estimators': 100};0.956116477;0.065979467;0.051921317;0.058112266;4482695;6356;89977;116060
22;{'contamination': 0.026073206721577955, 'max_features': 4, 'max_samples': 0.05, 'n_estimators': 200};0.956012539;0.063446586;0.049928114;0.055881398;4482451;6112;90221;116304
23;{'contamination': 0.026073206721577955, 'max_features': 4, 'max_samples': 0.05, 'n_estimators': 300};0.956060248;0.06460922;0.050843027;0.056905403;;;;
24;{'contamination': 0.026073206721577955, 'max_features': 4, 'max_samples': 'auto', 'n_estimators': 100};0.954971451;0.038076256;0.029963403;0.033536153;;;;
25;{'contamination': 0.026073206721577955, 'max_features': 4, 'max_samples': 'auto', 'n_estimators': 200};0.955022568;0.039321935;0.030943667;0.034633301;;;;
26;{'contamination': 0.026073206721577955, 'max_features': 4, 'max_samples': 'auto', 'n_estimators': 300};0.955008085;0.038968993;0.030665926;0.034322443;;;;
27;{'contamination': 0.026073206721577955, 'max_features': 1, 'max_samples': 0.2, 'n_estimators': 100};0.955359516;0.047533036;0.037405241;0.041865334;;;;
28;{'contamination': 0.026073206721577955, 'max_features': 1, 'max_samples': 0.2, 'n_estimators': 200};0.9554068;0.04868529;0.038311985;0.042880196;;;;
29;{'contamination': 0.026073206721577955, 'max_features': 1, 'max_samples': 0.2, 'n_estimators': 300};0.955479642;0.050460382;0.039708862;0.044443632;;;;
30;{'contamination': 0.026073206721577955, 'max_features': 1, 'max_samples': 0.05, 'n_estimators': 100};0.955521387;0.051477687;0.040509411;0.045339636;;;;
31;{'contamination': 0.026073206721577955, 'max_features': 1, 'max_samples': 0.05, 'n_estimators': 200};0.955403392;0.048602244;0.038246634;0.042807053;;;;
32;{'contamination': 0.026073206721577955, 'max_features': 1, 'max_samples': 0.05, 'n_estimators': 300};0.955273043;0.045425763;0.035746961;0.040009326;;;;
33;{'contamination': 0.026073206721577955, 'max_features': 1, 'max_samples': 'auto', 'n_estimators': 100};0.954754203;0.03278212;0.025797281;0.028873275;;;;
34;{'contamination': 0.026073206721577955, 'max_features': 1, 'max_samples': 'auto', 'n_estimators': 200};0.954958672;0.037764837;0.029718337;0.033261866;;;;
35;{'contamination': 0.026073206721577955, 'max_features': 1, 'max_samples': 'auto', 'n_estimators': 300};0.954837268;0.034806349;0.02739021;0.03065614;;;;
36;{'contamination': 0.06445595688942245, 'max_features': 8, 'max_samples': 0.2, 'n_estimators': 100};0.920706492;0.138426085;0.044064145;0.066848807;;;;
37;{'contamination': 0.06445595688942245, 'max_features': 8, 'max_samples': 0.2, 'n_estimators': 200};0.920643873;0.136900128;0.043578398;0.066111891;;;;
38;{'contamination': 0.06445595688942245, 'max_features': 8, 'max_samples': 0.2, 'n_estimators': 300};0.920648559;0.137014315;0.043614747;0.066167034;;;;
39;{'contamination': 0.06445595688942245, 'max_features': 8, 'max_samples': 0.05, 'n_estimators': 100};0.920442386;0.131990076;0.042015418;0.063740726;;;;
40;{'contamination': 0.06445595688942245, 'max_features': 8, 'max_samples': 0.05, 'n_estimators': 200};0.920434292;0.131792844;0.041952635;0.063645478;;;;
41;{'contamination': 0.06445595688942245, 'max_features': 8, 'max_samples': 0.05, 'n_estimators': 300};0.92050756;0.133578317;0.042520991;0.06450772;;;;
42;{'contamination': 0.06445595688942245, 'max_features': 8, 'max_samples': 'auto', 'n_estimators': 100};0.918901627;0.094443233;0.030063411;0.045608582;;;;
43;{'contamination': 0.06445595688942245, 'max_features': 8, 'max_samples': 'auto', 'n_estimators': 200};0.919041347;0.097848089;0.031147254;0.047252857;;;;
44;{'contamination': 0.06445595688942245, 'max_features': 8, 'max_samples': 'auto', 'n_estimators': 300};0.918825803;0.092595476;0.029475229;0.044716262;;;;
45;{'contamination': 0.06445595688942245, 'max_features': 6, 'max_samples': 0.2, 'n_estimators': 100};0.920577846;0.135291126;0.043066217;0.065334871;;;;
46;{'contamination': 0.06445595688942245, 'max_features': 6, 'max_samples': 0.2, 'n_estimators': 200};0.920602979;0.135903584;0.043261176;0.06563064;;;;
47;{'contamination': 0.06445595688942245, 'max_features': 6, 'max_samples': 0.2, 'n_estimators': 300};0.920598293;0.135789397;0.043224828;0.065575496;;;;
48;{'contamination': 0.06445595688942245, 'max_features': 6, 'max_samples': 0.05, 'n_estimators': 100};0.920465389;0.132550632;0.042193856;0.06401143;;;;
49;{'contamination': 0.06445595688942245, 'max_features': 6, 'max_samples': 0.05, 'n_estimators': 200};0.920548028;0.134564479;0.042834909;0.064983958;;;;
50;{'contamination': 0.06445595688942245, 'max_features': 6, 'max_samples': 0.05, 'n_estimators': 300};0.920440256;0.131938173;0.041998896;0.063715661;;;;
51;{'contamination': 0.06445595688942245, 'max_features': 6, 'max_samples': 'auto', 'n_estimators': 100};0.918838156;0.092896515;0.029571056;0.04486164;;;;
52;{'contamination': 0.06445595688942245, 'max_features': 6, 'max_samples': 'auto', 'n_estimators': 200};0.918815153;0.09233596;0.029392619;0.044590936;;;;
53;{'contamination': 0.06445595688942245, 'max_features': 6, 'max_samples': 'auto', 'n_estimators': 300};0.91898384;0.096446701;0.03070116;0.046576098;;;;
54;{'contamination': 0.06445595688942245, 'max_features': 4, 'max_samples': 0.2, 'n_estimators': 100};0.920315871;0.12890702;0.041034012;0.062251855;;;;
55;{'contamination': 0.06445595688942245, 'max_features': 4, 'max_samples': 0.2, 'n_estimators': 200};0.920391694;0.130754778;0.041622195;0.063144175;;;;
56;{'contamination': 0.06445595688942245, 'max_features': 4, 'max_samples': 0.2, 'n_estimators': 300};0.92046837;0.132623296;0.042216987;0.064046521;;;;
57;{'contamination': 0.06445595688942245, 'max_features': 4, 'max_samples': 0.05, 'n_estimators': 100};0.920247714;0.127246115;0.040505309;0.061449769;;;;
58;{'contamination': 0.06445595688942245, 'max_features': 4, 'max_samples': 0.05, 'n_estimators': 200};0.920236213;0.126965837;0.04041609;0.061314417;;;;
59;{'contamination': 0.06445595688942245, 'max_features': 4, 'max_samples': 0.05, 'n_estimators': 300};0.920409586;0.131190765;0.04176098;0.063354722;;;;
60;{'contamination': 0.06445595688942245, 'max_features': 4, 'max_samples': 'auto', 'n_estimators': 100};0.918665635;0.088692348;0.028232775;0.042831362;;;;
61;{'contamination': 0.06445595688942245, 'max_features': 4, 'max_samples': 'auto', 'n_estimators': 200};0.918902053;0.094453614;0.030066716;0.045613595;;;;
62;{'contamination': 0.06445595688942245, 'max_features': 4, 'max_samples': 'auto', 'n_estimators': 300};0.918978302;0.096311752;0.030658203;0.046510928;;;;
63;{'contamination': 0.06445595688942245, 'max_features': 1, 'max_samples': 0.2, 'n_estimators': 100};0.919188735;0.101439797;0.032290576;0.048987367;;;;
64;{'contamination': 0.06445595688942245, 'max_features': 1, 'max_samples': 0.2, 'n_estimators': 200};0.91983409;0.117166495;0.037296738;0.056582113;;;;
65;{'contamination': 0.06445595688942245, 'max_features': 1, 'max_samples': 0.2, 'n_estimators': 300};0.919566577;0.110647442;0.035221576;0.053433928;;;;
66;{'contamination': 0.06445595688942245, 'max_features': 1, 'max_samples': 0.05, 'n_estimators': 100};0.919706297;0.114052298;0.036305419;0.055078203;;;;
67;{'contamination': 0.06445595688942245, 'max_features': 1, 'max_samples': 0.05, 'n_estimators': 200};0.919851981;0.117602483;0.037435523;0.056792661;;;;
68;{'contamination': 0.06445595688942245, 'max_features': 1, 'max_samples': 0.05, 'n_estimators': 300};0.919817477;0.11676165;0.037167867;0.056386605;;;;
69;{'contamination': 0.06445595688942245, 'max_features': 1, 'max_samples': 'auto', 'n_estimators': 100};0.918627297;0.087758089;0.027935379;0.042380188;;;;
70;{'contamination': 0.06445595688942245, 'max_features': 1, 'max_samples': 'auto', 'n_estimators': 200};0.918139979;0.075882616;0.024155148;0.036645278;;;;
71;{'contamination': 0.06445595688942245, 'max_features': 1, 'max_samples': 'auto', 'n_estimators': 300};0.918680544;0.089055671;0.028348429;0.043006818;;;;
72;{'contamination': 0.10283870705726693, 'max_features': 8, 'max_samples': 0.2, 'n_estimators': 100};0.88431186;0.186872619;0.037283804;0.062164822;;;;
73;{'contamination': 0.10283870705726693, 'max_features': 8, 'max_samples': 0.2, 'n_estimators': 200};0.884510791;0.191720387;0.038251004;0.063777475;;;;
74;{'contamination': 0.10283870705726693, 'max_features': 8, 'max_samples': 0.2, 'n_estimators': 300};0.884575113;0.193287866;0.038563739;0.064298911;;;;
75;{'contamination': 0.10283870705726693, 'max_features': 8, 'max_samples': 0.05, 'n_estimators': 100};0.884360847;0.188066395;0.037521979;0.062561942;;;;
76;{'contamination': 0.10283870705726693, 'max_features': 8, 'max_samples': 0.05, 'n_estimators': 200};0.88437533;0.188419337;0.037592397;0.062679351;;;;
77;{'contamination': 0.10283870705726693, 'max_features': 8, 'max_samples': 0.05, 'n_estimators': 300};0.884357439;0.187983349;0.037505411;0.062534316;;;;
78;{'contamination': 0.10283870705726693, 'max_features': 8, 'max_samples': 'auto', 'n_estimators': 100};0.882624138;0.145744449;0.029078136;0.048483174;;;;
79;{'contamination': 0.10283870705726693, 'max_features': 8, 'max_samples': 'auto', 'n_estimators': 200};0.88296492;0.154048976;0.03073501;0.051245748;;;;
80;{'contamination': 0.10283870705726693, 'max_features': 8, 'max_samples': 'auto', 'n_estimators': 300};0.882820514;0.150529933;0.03003291;0.050075107;;;;
81;{'contamination': 0.10283870705726693, 'max_features': 6, 'max_samples': 0.2, 'n_estimators': 100};0.88441239;0.189322454;0.037772582;0.062979781;;;;
82;{'contamination': 0.10283870705726693, 'max_features': 6, 'max_samples': 0.2, 'n_estimators': 200};0.884414094;0.189363977;0.037780866;0.062993594;;;;
83;{'contamination': 0.10283870705726693, 'max_features': 6, 'max_samples': 0.2, 'n_estimators': 300};0.88444945;0.190225572;0.037952767;0.063280211;;;;
84;{'contamination': 0.10283870705726693, 'max_features': 6, 'max_samples': 0.05, 'n_estimators': 100};0.884236888;0.185045623;0.036919292;0.061557056;;;;
85;{'contamination': 0.10283870705726693, 'max_features': 6, 'max_samples': 0.05, 'n_estimators': 200};0.884300784;0.186602722;0.037229955;0.062075038;;;;
86;{'contamination': 0.10283870705726693, 'max_features': 6, 'max_samples': 0.05, 'n_estimators': 300};0.884340826;0.187578504;0.037424638;0.062399641;;;;
87;{'contamination': 0.10283870705726693, 'max_features': 6, 'max_samples': 'auto', 'n_estimators': 100};0.88296918;0.154152783;0.030755721;0.05128028;;;;
88;{'contamination': 0.10283870705726693, 'max_features': 6, 'max_samples': 'auto', 'n_estimators': 200};0.88263351;0.145972823;0.0291237;0.048559145;;;;
89;{'contamination': 0.10283870705726693, 'max_features': 6, 'max_samples': 'auto', 'n_estimators': 300};0.88269485;0.147467638;0.029421937;0.049056408;;;;
90;{'contamination': 0.10283870705726693, 'max_features': 4, 'max_samples': 0.2, 'n_estimators': 100};0.884466063;0.190630417;0.038033539;0.063414887;;;;
91;{'contamination': 0.10283870705726693, 'max_features': 4, 'max_samples': 0.2, 'n_estimators': 200};0.884433263;0.189831107;0.037874065;0.063148989;;;;
92;{'contamination': 0.10283870705726693, 'max_features': 4, 'max_samples': 0.2, 'n_estimators': 300};0.884431559;0.189789584;0.037865781;0.063135176;;;;
93;{'contamination': 0.10283870705726693, 'max_features': 4, 'max_samples': 0.05, 'n_estimators': 100};0.884148284;0.182886446;0.036488504;0.060838787;;;;
94;{'contamination': 0.10283870705726693, 'max_features': 4, 'max_samples': 0.05, 'n_estimators': 200};0.884375756;0.188429718;0.037594468;0.062682805;;;;
95;{'contamination': 0.10283870705726693, 'max_features': 4, 'max_samples': 0.05, 'n_estimators': 300};0.884332732;0.187381271;0.037385287;0.06233403;;;;
96;{'contamination': 0.10283870705726693, 'max_features': 4, 'max_samples': 'auto', 'n_estimators': 100};0.882417113;0.140699449;0.028071585;0.04680491;;;;
97;{'contamination': 0.10283870705726693, 'max_features': 4, 'max_samples': 'auto', 'n_estimators': 200};0.882535961;0.143595653;0.02864942;0.047768358;;;;
98;{'contamination': 0.10283870705726693, 'max_features': 4, 'max_samples': 'auto', 'n_estimators': 300};0.882734466;0.14843304;0.029614549;0.049377558;;;;
99;{'contamination': 0.10283870705726693, 'max_features': 1, 'max_samples': 0.2, 'n_estimators': 100};0.883355541;0.16356804;0.032634202;0.054412349;;;;
100;{'contamination': 0.10283870705726693, 'max_features': 1, 'max_samples': 0.2, 'n_estimators': 200};0.883494835;0.166962515;0.033311449;0.055541551;;;;
101;{'contamination': 0.10283870705726693, 'max_features': 1, 'max_samples': 0.2, 'n_estimators': 300};0.883661393;0.171021353;0.034121246;0.056891759;;;;
102;{'contamination': 0.10283870705726693, 'max_features': 1, 'max_samples': 0.05, 'n_estimators': 100};0.883062895;0.156436527;0.031211361;0.052039988;;;;
103;{'contamination': 0.10283870705726693, 'max_features': 1, 'max_samples': 0.05, 'n_estimators': 200};0.883478648;0.16656805;0.033232747;0.055410329;;;;
104;{'contamination': 0.10283870705726693, 'max_features': 1, 'max_samples': 0.05, 'n_estimators': 300};0.883573641;0.168882937;0.033694601;0.056180396;;;;
105;{'contamination': 0.10283870705726693, 'max_features': 1, 'max_samples': 'auto', 'n_estimators': 100};0.882714871;0.147955529;0.029519279;0.04921871;;;;
106;{'contamination': 0.10283870705726693, 'max_features': 1, 'max_samples': 'auto', 'n_estimators': 200};0.882239481;0.136370714;0.02720794;0.045364919;;;;
107;{'contamination': 0.10283870705726693, 'max_features': 1, 'max_samples': 'auto', 'n_estimators': 300};0.881683581;0.122823954;0.024505164;0.04085847;;;;
108;{'contamination': 0.14122145722511142, 'max_features': 8, 'max_samples': 0.2, 'n_estimators': 100};0.848275261;0.244049287;0.035457463;0.061918852;;;;
109;{'contamination': 0.14122145722511142, 'max_features': 8, 'max_samples': 0.2, 'n_estimators': 200};0.848214347;0.242564853;0.035241792;0.06154223;;;;
110;{'contamination': 0.14122145722511142, 'max_features': 8, 'max_samples': 0.2, 'n_estimators': 300};0.848171749;0.241526787;0.035090974;0.061278857;;;;
111;{'contamination': 0.14122145722511142, 'max_features': 8, 'max_samples': 0.05, 'n_estimators': 100};0.84804353;0.238402209;0.03463701;0.060486106;;;;
112;{'contamination': 0.14122145722511142, 'max_features': 8, 'max_samples': 0.05, 'n_estimators': 200};0.848193048;0.24204582;0.035166383;0.061410544;;;;
113;{'contamination': 0.14122145722511142, 'max_features': 8, 'max_samples': 0.05, 'n_estimators': 300};0.84814832;0.240955851;0.035008024;0.061134003;;;;
114;{'contamination': 0.14122145722511142, 'max_features': 8, 'max_samples': 'auto', 'n_estimators': 100};0.847058245;0.214391745;0.031148574;0.054394303;;;;
115;{'contamination': 0.14122145722511142, 'max_features': 8, 'max_samples': 'auto', 'n_estimators': 200};0.846562407;0.202308659;0.029393045;0.051328648;;;;
116;{'contamination': 0.14122145722511142, 'max_features': 8, 'max_samples': 'auto', 'n_estimators': 300};0.846612247;0.203523196;0.029569503;0.051636794;;;;
117;{'contamination': 0.14122145722511142, 'max_features': 6, 'max_samples': 0.2, 'n_estimators': 100};0.848238627;0.243156551;0.035327759;0.061692352;;;;
118;{'contamination': 0.14122145722511142, 'max_features': 6, 'max_samples': 0.2, 'n_estimators': 200};0.848092517;0.239595985;0.034810451;0.060788985;;;;
119;{'contamination': 0.14122145722511142, 'max_features': 6, 'max_samples': 0.2, 'n_estimators': 300};0.84815045;0.241007754;0.035015564;0.061147171;;;;
120;{'contamination': 0.14122145722511142, 'max_features': 6, 'max_samples': 0.05, 'n_estimators': 100};0.848029473;0.238059647;0.03458724;0.060399194;;;;
121;{'contamination': 0.14122145722511142, 'max_features': 6, 'max_samples': 0.05, 'n_estimators': 200};0.848121058;0.240291489;0.0349115;0.060965444;;;;
122;{'contamination': 0.14122145722511142, 'max_features': 6, 'max_samples': 0.05, 'n_estimators': 300};0.848057587;0.238744771;0.03468678;0.060573019;;;;
123;{'contamination': 0.14122145722511142, 'max_features': 6, 'max_samples': 'auto', 'n_estimators': 100};0.846701276;0.205692753;0.029884714;0.052187242;;;;
124;{'contamination': 0.14122145722511142, 'max_features': 6, 'max_samples': 'auto', 'n_estimators': 200};0.846590096;0.202983401;0.029491078;0.05149984;;;;
125;{'contamination': 0.14122145722511142, 'max_features': 6, 'max_samples': 'auto', 'n_estimators': 300};0.846350697;0.197149471;0.028643477;0.050019687;;;;
126;{'contamination': 0.14122145722511142, 'max_features': 4, 'max_samples': 0.2, 'n_estimators': 100};0.847840765;0.233461015;0.033919113;0.059232454;;;;
127;{'contamination': 0.14122145722511142, 'max_features': 4, 'max_samples': 0.2, 'n_estimators': 200};0.848106148;0.239928166;0.034858713;0.060873264;;;;
128;{'contamination': 0.14122145722511142, 'max_features': 4, 'max_samples': 0.2, 'n_estimators': 300};0.848063125;0.238879719;0.034706386;0.060607258;;;;
129;{'contamination': 0.14122145722511142, 'max_features': 4, 'max_samples': 0.05, 'n_estimators': 100};0.847971114;0.236637497;0.034380618;0.060038373;;;;
130;{'contamination': 0.14122145722511142, 'max_features': 4, 'max_samples': 0.05, 'n_estimators': 200};0.848081442;0.239326088;0.034771238;0.060720508;;;;
131;{'contamination': 0.14122145722511142, 'max_features': 4, 'max_samples': 0.05, 'n_estimators': 300};0.847961742;0.236409123;0.034347438;0.059980431;;;;
132;{'contamination': 0.14122145722511142, 'max_features': 4, 'max_samples': 'auto', 'n_estimators': 100};0.846453357;0.19965121;0.02900695;0.050654415;;;;
133;{'contamination': 0.14122145722511142, 'max_features': 4, 'max_samples': 'auto', 'n_estimators': 200};0.846533867;0.201613154;0.029291997;0.051152188;;;;
134;{'contamination': 0.14122145722511142, 'max_features': 4, 'max_samples': 'auto', 'n_estimators': 300};0.846665068;0.204810397;0.029756518;0.051963375;;;;
135;{'contamination': 0.14122145722511142, 'max_features': 1, 'max_samples': 0.2, 'n_estimators': 100};0.846660382;0.20469621;0.029739928;0.051934404;;;;
136;{'contamination': 0.14122145722511142, 'max_features': 1, 'max_samples': 0.2, 'n_estimators': 200};0.846872945;0.209876159;0.030492513;0.053248633;;;;
137;{'contamination': 0.14122145722511142, 'max_features': 1, 'max_samples': 0.2, 'n_estimators': 300};0.847383265;0.222312188;0.032299321;0.056403834;;;;
138;{'contamination': 0.14122145722511142, 'max_features': 1, 'max_samples': 0.05, 'n_estimators': 100};0.84677923;0.207592414;0.030160712;0.052669213;;;;
139;{'contamination': 0.14122145722511142, 'max_features': 1, 'max_samples': 0.05, 'n_estimators': 200};0.84714983;0.216623587;0.031472835;0.054960553;;;;
140;{'contamination': 0.14122145722511142, 'max_features': 1, 'max_samples': 0.05, 'n_estimators': 300};0.84733513;0.221139173;0.032128896;0.056106223;;;;
141;{'contamination': 0.14122145722511142, 'max_features': 1, 'max_samples': 'auto', 'n_estimators': 100};0.844712815;0.157235838;0.0228445;0.039893018;;;;
142;{'contamination': 0.14122145722511142, 'max_features': 1, 'max_samples': 'auto', 'n_estimators': 200};0.845072765;0.166007495;0.024118917;0.042118515;;;;
143;{'contamination': 0.14122145722511142, 'max_features': 1, 'max_samples': 'auto', 'n_estimators': 300};0.846115983;0.191429728;0.027812466;0.048568505;;;;
144;{'contamination': 0.026073206721577955, 'max_features': 8, 'max_samples': 0.5, 'n_estimators': 25};0.956314983;0.070816854;0.055728009;0.062372857;;;;
145;{'contamination': 0.026073206721577955, 'max_features': 8, 'max_samples': 0.5, 'n_estimators': 50};0.956416791;0.073297831;0.057680369;0.064558009;;;;
146;{'contamination': 0.026073206721577955, 'max_features': 8, 'max_samples': 0.5, 'n_estimators': 75};0.956338412;0.07138779;0.056177297;0.062875716;;;;
147;{'contamination': 0.026073206721577955, 'max_features': 8, 'max_samples': 0.5, 'n_estimators': 100};0.956429145;0.073598871;0.057917266;0.064823153;;;;
148;{'contamination': 0.026073206721577955, 'max_features': 8, 'max_samples': 0.4, 'n_estimators': 25};0.956321798;0.070982945;0.055858711;0.062519143;;;;
149;{'contamination': 0.026073206721577955, 'max_features': 8, 'max_samples': 0.4, 'n_estimators': 50};0.956342245;0.071481216;0.056250817;0.062958002;;;;
150;{'contamination': 0.026073206721577955, 'max_features': 8, 'max_samples': 0.4, 'n_estimators': 75};0.956305185;0.070578099;0.055540125;0.06216257;;;;
151;{'contamination': 0.026073206721577955, 'max_features': 8, 'max_samples': 0.4, 'n_estimators': 100};0.95637249;0.072218243;0.056830806;0.063607148;;;;
152;{'contamination': 0.026073206721577955, 'max_features': 8, 'max_samples': 0.25, 'n_estimators': 25};0.956088363;0.065294344;0.051382172;0.057508834;;;;
153;{'contamination': 0.026073206721577955, 'max_features': 8, 'max_samples': 0.25, 'n_estimators': 50};0.95636823;0.072114436;0.056749118;0.063515719;;;;
154;{'contamination': 0.026073206721577955, 'max_features': 8, 'max_samples': 0.25, 'n_estimators': 75};0.956333726;0.071273603;0.05608744;0.062775144;;;;
155;{'contamination': 0.026073206721577955, 'max_features': 8, 'max_samples': 0.25, 'n_estimators': 100};0.956444906;0.073982955;0.058219514;0.065161441;;;;
156;{'contamination': 0.026073206721577955, 'max_features': 6, 'max_samples': 0.5, 'n_estimators': 25};0.956412532;0.073194025;0.05759868;0.06446658;;;;
157;{'contamination': 0.026073206721577955, 'max_features': 6, 'max_samples': 0.5, 'n_estimators': 50};0.956313705;0.070785712;0.055703503;0.062345428;;;;
158;{'contamination': 0.026073206721577955, 'max_features': 6, 'max_samples': 0.5, 'n_estimators': 75};0.956324354;0.071045229;0.055907724;0.062574;;;;
159;{'contamination': 0.026073206721577955, 'max_features': 6, 'max_samples': 0.5, 'n_estimators': 100};0.956339264;0.071408552;0.056193635;0.062894002;;;;
160;{'contamination': 0.026073206721577955, 'max_features': 6, 'max_samples': 0.4, 'n_estimators': 25};0.956068342;0.064806453;0.050998236;0.057079118;;;;
161;{'contamination': 0.026073206721577955, 'max_features': 6, 'max_samples': 0.4, 'n_estimators': 50};0.956260032;0.069477749;0.054674226;0.061193423;;;;
162;{'contamination': 0.026073206721577955, 'max_features': 6, 'max_samples': 0.4, 'n_estimators': 75};0.956304759;0.070567718;0.055531957;0.062153427;;;;
163;{'contamination': 0.026073206721577955, 'max_features': 6, 'max_samples': 0.4, 'n_estimators': 100};0.956376324;0.072311669;0.056904326;0.063689434;;;;
164;{'contamination': 0.026073206721577955, 'max_features': 6, 'max_samples': 0.25, 'n_estimators': 25};0.956087937;0.065283963;0.051374003;0.057499691;;;;
165;{'contamination': 0.026073206721577955, 'max_features': 6, 'max_samples': 0.25, 'n_estimators': 50};0.956179096;0.067505424;0.053122141;0.059456272;;;;
166;{'contamination': 0.026073206721577955, 'max_features': 6, 'max_samples': 0.25, 'n_estimators': 75};0.956239585;0.068979477;0.05428212;0.060754563;;;;
167;{'contamination': 0.026073206721577955, 'max_features': 6, 'max_samples': 0.25, 'n_estimators': 100};0.956240011;0.068989858;0.054290289;0.060763706;;;;
168;{'contamination': 0.026073206721577955, 'max_features': 4, 'max_samples': 0.5, 'n_estimators': 25};0.956053007;0.064432749;0.050704156;0.056749974;;;;
169;{'contamination': 0.026073206721577955, 'max_features': 4, 'max_samples': 0.5, 'n_estimators': 50};0.956161205;0.067069436;0.052779048;0.05907227;;;;
170;{'contamination': 0.026073206721577955, 'max_features': 4, 'max_samples': 0.5, 'n_estimators': 75};0.956268551;0.069685362;0.054837603;0.061376281;;;;
171;{'contamination': 0.026073206721577955, 'max_features': 4, 'max_samples': 0.5, 'n_estimators': 100};0.956252364;0.069290897;0.054527186;0.06102885;;;;
172;{'contamination': 0.026073206721577955, 'max_features': 4, 'max_samples': 0.4, 'n_estimators': 25};0.956269829;0.069716504;0.05486211;0.061403709;;;;
173;{'contamination': 0.026073206721577955, 'max_features': 4, 'max_samples': 0.4, 'n_estimators': 50};0.956288998;0.070183634;0.055229709;0.06181514;;;;
174;{'contamination': 0.026073206721577955, 'max_features': 4, 'max_samples': 0.4, 'n_estimators': 75};0.956220416;0.068512348;0.053914521;0.060343133;;;;
175;{'contamination': 0.026073206721577955, 'max_features': 4, 'max_samples': 0.4, 'n_estimators': 100};0.956303907;0.070546957;0.055515619;0.062135141;;;;
176;{'contamination': 0.026073206721577955, 'max_features': 4, 'max_samples': 0.25, 'n_estimators': 25};0.956194431;0.067879128;0.05341622;0.059785416;;;;
177;{'contamination': 0.026073206721577955, 'max_features': 4, 'max_samples': 0.25, 'n_estimators': 50};0.956208489;0.068221689;0.053685793;0.060087132;;;;
178;{'contamination': 0.026073206721577955, 'max_features': 4, 'max_samples': 0.25, 'n_estimators': 75};0.956086233;0.06524244;0.051341328;0.05746312;;;;
179;{'contamination': 0.026073206721577955, 'max_features': 4, 'max_samples': 0.25, 'n_estimators': 100};0.956103272;0.065657667;0.051668083;0.057828836;;;;
180;{'contamination': 0.026073206721577955, 'max_features': 1, 'max_samples': 0.5, 'n_estimators': 25};0.95532629;0.046723345;0.03676807;0.041152188;;;;
181;{'contamination': 0.026073206721577955, 'max_features': 1, 'max_samples': 0.5, 'n_estimators': 50};0.955339495;0.047045145;0.037021304;0.041435618;;;;
182;{'contamination': 0.026073206721577955, 'max_features': 1, 'max_samples': 0.5, 'n_estimators': 75};0.955172086;0.042965547;0.03381094;0.037842459;;;;
183;{'contamination': 0.026073206721577955, 'max_features': 1, 'max_samples': 0.5, 'n_estimators': 100};0.955680703;0.055360053;0.043564567;0.04875908;;;;
184;{'contamination': 0.026073206721577955, 'max_features': 1, 'max_samples': 0.4, 'n_estimators': 25};0.955529481;0.051674919;0.040664619;0.045513351;;;;
185;{'contamination': 0.026073206721577955, 'max_features': 1, 'max_samples': 0.4, 'n_estimators': 50};0.955558447;0.052380804;0.041220102;0.046135068;;;;
186;{'contamination': 0.026073206721577955, 'max_features': 1, 'max_samples': 0.4, 'n_estimators': 75};0.955333958;0.046910197;0.036915109;0.04131676;;;;
187;{'contamination': 0.026073206721577955, 'max_features': 1, 'max_samples': 0.4, 'n_estimators': 100};0.955347589;0.047242378;0.037176513;0.041609333;;;;
188;{'contamination': 0.026073206721577955, 'max_features': 1, 'max_samples': 0.25, 'n_estimators': 25};0.955046423;0.039903252;0.031401124;0.035145304;;;;
189;{'contamination': 0.026073206721577955, 'max_features': 1, 'max_samples': 0.25, 'n_estimators': 50};0.955423839;0.049100516;0.03863874;0.043245912;;;;
190;{'contamination': 0.026073206721577955, 'max_features': 1, 'max_samples': 0.25, 'n_estimators': 75};0.955322882;0.0466403;0.036702719;0.041079045;;;;
191;{'contamination': 0.026073206721577955, 'max_features': 1, 'max_samples': 0.25, 'n_estimators': 100};0.955512868;0.051270074;0.040346033;0.045156778;;;;
192;{'contamination': 0.12203008214118917, 'max_features': 8, 'max_samples': 0.5, 'n_estimators': 25};0.866275776;0.215024965;0.036153747;0.061899817;;;;
193;{'contamination': 0.12203008214118917, 'max_features': 8, 'max_samples': 0.5, 'n_estimators': 50};0.866210175;0.213426344;0.035884959;0.061439617;;;;
194;{'contamination': 0.12203008214118917, 'max_features': 8, 'max_samples': 0.5, 'n_estimators': 75};0.866463632;0.219602836;0.036923458;0.063217661;;;;
195;{'contamination': 0.12203008214118917, 'max_features': 8, 'max_samples': 0.5, 'n_estimators': 100};0.866583757;0.222530182;0.037415655;0.064060364;;;;
196;{'contamination': 0.12203008214118917, 'max_features': 8, 'max_samples': 0.4, 'n_estimators': 25};0.865862578;0.204955726;0.034460731;0.059001158;;;;
197;{'contamination': 0.12203008214118917, 'max_features': 8, 'max_samples': 0.4, 'n_estimators': 50};0.866311558;0.215896941;0.036300359;0.062150835;;;;
198;{'contamination': 0.12203008214118917, 'max_features': 8, 'max_samples': 0.4, 'n_estimators': 75};0.86630602;0.215761992;0.036277669;0.062111987;;;;
199;{'contamination': 0.12203008214118917, 'max_features': 8, 'max_samples': 0.4, 'n_estimators': 100};0.866419756;0.218533628;0.036743684;0.062909865;;;;
200;{'contamination': 0.12203008214118917, 'max_features': 8, 'max_samples': 0.25, 'n_estimators': 25};0.866334561;0.216457496;0.036394609;0.062312204;;;;
201;{'contamination': 0.12203008214118917, 'max_features': 8, 'max_samples': 0.25, 'n_estimators': 50};0.866109645;0.210976509;0.03547305;0.060734377;;;;
202;{'contamination': 0.12203008214118917, 'max_features': 8, 'max_samples': 0.25, 'n_estimators': 75};0.866334987;0.216467877;0.036396354;0.062315192;;;;
203;{'contamination': 0.12203008214118917, 'max_features': 8, 'max_samples': 0.25, 'n_estimators': 100};0.866577794;0.222384853;0.037391219;0.064018528;;;;
204;{'contamination': 0.12203008214118917, 'max_features': 6, 'max_samples': 0.5, 'n_estimators': 25};0.866228066;0.213862332;0.035958265;0.061565126;;;;
205;{'contamination': 0.12203008214118917, 'max_features': 6, 'max_samples': 0.5, 'n_estimators': 50};0.866295797;0.215512856;0.03623578;0.062040267;;;;
206;{'contamination': 0.12203008214118917, 'max_features': 6, 'max_samples': 0.5, 'n_estimators': 75};0.866497284;0.220422908;0.037061343;0.063453737;;;;
207;{'contamination': 0.12203008214118917, 'max_features': 6, 'max_samples': 0.5, 'n_estimators': 100};0.866520287;0.220983464;0.037155593;0.063615106;;;;
208;{'contamination': 0.12203008214118917, 'max_features': 6, 'max_samples': 0.4, 'n_estimators': 25};0.865985259;0.207945356;0.034963399;0.059861791;;;;
209;{'contamination': 0.12203008214118917, 'max_features': 6, 'max_samples': 0.4, 'n_estimators': 50};0.866151391;0.211993813;0.035644097;0.061027231;;;;
210;{'contamination': 0.12203008214118917, 'max_features': 6, 'max_samples': 0.4, 'n_estimators': 75};0.866438499;0.218990377;0.036820481;0.063041351;;;;
211;{'contamination': 0.12203008214118917, 'max_features': 6, 'max_samples': 0.4, 'n_estimators': 100};0.866314966;0.215979986;0.036314322;0.062174741;;;;
212;{'contamination': 0.12203008214118917, 'max_features': 6, 'max_samples': 0.25, 'n_estimators': 25};0.865684094;0.20060623;0.033729418;0.057749057;;;;
213;{'contamination': 0.12203008214118917, 'max_features': 6, 'max_samples': 0.25, 'n_estimators': 50};0.866307724;0.215803515;0.03628465;0.06212394;;;;
214;{'contamination': 0.12203008214118917, 'max_features': 6, 'max_samples': 0.25, 'n_estimators': 75};0.86622977;0.213903854;0.035965246;0.06157708;;;;
215;{'contamination': 0.12203008214118917, 'max_features': 6, 'max_samples': 0.25, 'n_estimators': 100};0.866499414;0.220474811;0.03707007;0.063468679;;;;
216;{'contamination': 0.12203008214118917, 'max_features': 4, 'max_samples': 0.5, 'n_estimators': 25};0.866062787;0.209834636;0.035281058;0.060405663;;;;
217;{'contamination': 0.12203008214118917, 'max_features': 4, 'max_samples': 0.5, 'n_estimators': 50};0.86583063;0.204177177;0.034329827;0.058777035;;;;
218;{'contamination': 0.12203008214118917, 'max_features': 4, 'max_samples': 0.5, 'n_estimators': 75};0.866331153;0.216374451;0.036380646;0.062288297;;;;
219;{'contamination': 0.12203008214118917, 'max_features': 4, 'max_samples': 0.5, 'n_estimators': 100};0.866490468;0.220256817;0.037033417;0.063405924;;;;
220;{'contamination': 0.12203008214118917, 'max_features': 4, 'max_samples': 0.4, 'n_estimators': 25};0.865977166;0.207748124;0.034930237;0.059805013;;;;
221;{'contamination': 0.12203008214118917, 'max_features': 4, 'max_samples': 0.4, 'n_estimators': 50};0.866116034;0.211132218;0.03549923;0.060779201;;;;
222;{'contamination': 0.12203008214118917, 'max_features': 4, 'max_samples': 0.4, 'n_estimators': 75};0.866101551;0.210779276;0.035439887;0.060677599;;;;
223;{'contamination': 0.12203008214118917, 'max_features': 4, 'max_samples': 0.4, 'n_estimators': 100};0.86642146;0.218575151;0.036750666;0.062921818;;;;
224;{'contamination': 0.12203008214118917, 'max_features': 4, 'max_samples': 0.25, 'n_estimators': 25};0.866027005;0.208962661;0.035134446;0.060154645;;;;
225;{'contamination': 0.12203008214118917, 'max_features': 4, 'max_samples': 0.25, 'n_estimators': 50};0.866398457;0.218014595;0.036656415;0.06276045;;;;
226;{'contamination': 0.12203008214118917, 'max_features': 4, 'max_samples': 0.25, 'n_estimators': 75};0.866279184;0.215108011;0.03616771;0.061923723;;;;
227;{'contamination': 0.12203008214118917, 'max_features': 4, 'max_samples': 0.25, 'n_estimators': 100};0.866245532;0.214287939;0.036029825;0.061687647;;;;
228;{'contamination': 0.12203008214118917, 'max_features': 1, 'max_samples': 0.5, 'n_estimators': 25};0.864517768;0.172183987;0.028950574;0.049567069;;;;
229;{'contamination': 0.12203008214118917, 'max_features': 1, 'max_samples': 0.5, 'n_estimators': 50};0.865140973;0.187370891;0.031504061;0.053938964;;;;
230;{'contamination': 0.12203008214118917, 'max_features': 1, 'max_samples': 0.5, 'n_estimators': 75};0.86529688;0.191170212;0.03214287;0.055032685;;;;
231;{'contamination': 0.12203008214118917, 'max_features': 1, 'max_samples': 0.5, 'n_estimators': 100};0.865598046;0.198509337;0.033376851;0.057145419;;;;
232;{'contamination': 0.12203008214118917, 'max_features': 1, 'max_samples': 0.4, 'n_estimators': 25};0.864293704;0.16672376;0.028032506;0.047995219;;;;
233;{'contamination': 0.12203008214118917, 'max_features': 1, 'max_samples': 0.4, 'n_estimators': 50};0.865028515;0.184630397;0.031043282;0.05315005;;;;
234;{'contamination': 0.12203008214118917, 'max_features': 1, 'max_samples': 0.4, 'n_estimators': 75};0.865163976;0.187931446;0.031598312;0.054100332;;;;
235;{'contamination': 0.12203008214118917, 'max_features': 1, 'max_samples': 0.4, 'n_estimators': 100};0.865114988;0.18673767;0.031397593;0.053756677;;;;
236;{'contamination': 0.12203008214118917, 'max_features': 1, 'max_samples': 0.25, 'n_estimators': 25};0.864544605;0.172837968;0.029060533;0.049755332;;;;
237;{'contamination': 0.12203008214118917, 'max_features': 1, 'max_samples': 0.25, 'n_estimators': 50};0.865183571;0.188408956;0.031678599;0.054237795;;;;
238;{'contamination': 0.12203008214118917, 'max_features': 1, 'max_samples': 0.25, 'n_estimators': 75};0.865094967;0.186249779;0.031315561;0.053616227;;;;
239;{'contamination': 0.12203008214118917, 'max_features': 1, 'max_samples': 0.25, 'n_estimators': 100};0.86479082;0.178837989;0.030069361;0.051482574;;;;
240;{'contamination': 0.2179869575608004, 'max_features': 8, 'max_samples': 0.5, 'n_estimators': 25};0.774942876;0.327707016;0.030845127;0.056383232;;;;
241;{'contamination': 0.2179869575608004, 'max_features': 8, 'max_samples': 0.5, 'n_estimators': 50};0.775103896;0.331630905;0.031214459;0.057058352;;;;
242;{'contamination': 0.2179869575608004, 'max_features': 8, 'max_samples': 0.5, 'n_estimators': 75};0.775350537;0.337641307;0.031780183;0.058092465;;;;
243;{'contamination': 0.2179869575608004, 'max_features': 8, 'max_samples': 0.5, 'n_estimators': 100};0.775460439;0.340319517;0.032032267;0.058553261;;;;
244;{'contamination': 0.2179869575608004, 'max_features': 8, 'max_samples': 0.4, 'n_estimators': 25};0.774829993;0.324956142;0.030586203;0.055909934;;;;
245;{'contamination': 0.2179869575608004, 'max_features': 8, 'max_samples': 0.4, 'n_estimators': 50};0.775025942;0.329731245;0.031035655;0.056731509;;;;
246;{'contamination': 0.2179869575608004, 'max_features': 8, 'max_samples': 0.4, 'n_estimators': 75};0.775340313;0.337392171;0.031756733;0.0580496;;;;
247;{'contamination': 0.2179869575608004, 'max_features': 8, 'max_samples': 0.4, 'n_estimators': 100};0.775347129;0.337558261;0.031772366;0.058078176;;;;
248;{'contamination': 0.2179869575608004, 'max_features': 8, 'max_samples': 0.25, 'n_estimators': 25};0.774742667;0.322828107;0.030385904;0.055543798;;;;
249;{'contamination': 0.2179869575608004, 'max_features': 8, 'max_samples': 0.25, 'n_estimators': 50};0.775199741;0.333966554;0.0314343;0.057460209;;;;
250;{'contamination': 0.2179869575608004, 'max_features': 8, 'max_samples': 0.25, 'n_estimators': 75};0.775200167;0.333976934;0.031435277;0.057461995;;;;
251;{'contamination': 0.2179869575608004, 'max_features': 8, 'max_samples': 0.25, 'n_estimators': 100};0.775292604;0.336229537;0.031647301;0.057849564;;;;
252;{'contamination': 0.2179869575608004, 'max_features': 6, 'max_samples': 0.5, 'n_estimators': 25};0.774251516;0.310859207;0.029259342;0.053484503;;;;
253;{'contamination': 0.2179869575608004, 'max_features': 6, 'max_samples': 0.5, 'n_estimators': 50};0.774949692;0.327873107;0.03086076;0.056411809;;;;
254;{'contamination': 0.2179869575608004, 'max_features': 6, 'max_samples': 0.5, 'n_estimators': 75};0.775365872;0.33801501;0.031815357;0.058156762;;;;
255;{'contamination': 0.2179869575608004, 'max_features': 6, 'max_samples': 0.5, 'n_estimators': 100};0.775564377;0.342852397;0.032270672;0.058989053;;;;
256;{'contamination': 0.2179869575608004, 'max_features': 6, 'max_samples': 0.4, 'n_estimators': 25};0.774719238;0.32225717;0.030332165;0.055445566;;;;
257;{'contamination': 0.2179869575608004, 'max_features': 6, 'max_samples': 0.4, 'n_estimators': 50};0.77514053;0.332523642;0.031298487;0.057211951;;;;
258;{'contamination': 0.2179869575608004, 'max_features': 6, 'max_samples': 0.4, 'n_estimators': 75};0.775381207;0.338388714;0.031850532;0.058221059;;;;
259;{'contamination': 0.2179869575608004, 'max_features': 6, 'max_samples': 0.4, 'n_estimators': 100};0.775400802;0.338866224;0.031895477;0.058303216;;;;
260;{'contamination': 0.2179869575608004, 'max_features': 6, 'max_samples': 0.25, 'n_estimators': 25};0.775162255;0.333053056;0.031348318;0.057303039;;;;
261;{'contamination': 0.2179869575608004, 'max_features': 6, 'max_samples': 0.25, 'n_estimators': 50};0.775221891;0.334506348;0.031485107;0.057553083;;;;
262;{'contamination': 0.2179869575608004, 'max_features': 6, 'max_samples': 0.25, 'n_estimators': 75};0.775500906;0.341305679;0.032125088;0.058722934;;;;
263;{'contamination': 0.2179869575608004, 'max_features': 6, 'max_samples': 0.25, 'n_estimators': 100};0.775496221;0.341191492;0.032114341;0.058703287;;;;
264;{'contamination': 0.2179869575608004, 'max_features': 4, 'max_samples': 0.5, 'n_estimators': 25};0.774802304;0.324281399;0.030522693;0.055793842;;;;
265;{'contamination': 0.2179869575608004, 'max_features': 4, 'max_samples': 0.5, 'n_estimators': 50};0.775065984;0.330707027;0.0311275;0.056899396;;;;
266;{'contamination': 0.2179869575608004, 'max_features': 4, 'max_samples': 0.5, 'n_estimators': 75};0.775391004;0.338627469;0.031873004;0.058262138;;;;
267;{'contamination': 0.2179869575608004, 'max_features': 4, 'max_samples': 0.5, 'n_estimators': 100};0.775129028;0.332243364;0.031272106;0.057163728;;;;
268;{'contamination': 0.2179869575608004, 'max_features': 4, 'max_samples': 0.4, 'n_estimators': 25};0.774963323;0.328205288;0.030892026;0.056468962;;;;
269;{'contamination': 0.2179869575608004, 'max_features': 4, 'max_samples': 0.4, 'n_estimators': 50};0.775322848;0.336966564;0.031716673;0.057976373;;;;
270;{'contamination': 0.2179869575608004, 'max_features': 4, 'max_samples': 0.4, 'n_estimators': 75};0.774966731;0.328288333;0.030899842;0.05648325;;;;
271;{'contamination': 0.2179869575608004, 'max_features': 4, 'max_samples': 0.4, 'n_estimators': 100};0.775131584;0.332305648;0.031277969;0.057174444;;;;
272;{'contamination': 0.2179869575608004, 'max_features': 4, 'max_samples': 0.25, 'n_estimators': 25};0.774204658;0.309717335;0.029151864;0.05328804;;;;
273;{'contamination': 0.2179869575608004, 'max_features': 4, 'max_samples': 0.25, 'n_estimators': 50};0.774967583;0.328309094;0.030901797;0.056486822;;;;
274;{'contamination': 0.2179869575608004, 'max_features': 4, 'max_samples': 0.25, 'n_estimators': 75};0.775258951;0.335409465;0.031570113;0.057708468;;;;
275;{'contamination': 0.2179869575608004, 'max_features': 4, 'max_samples': 0.25, 'n_estimators': 100};0.774998253;0.329056502;0.030972146;0.056615416;;;;
276;{'contamination': 0.2179869575608004, 'max_features': 1, 'max_samples': 0.5, 'n_estimators': 25};0.772235366;0.261727549;0.024634869;0.045031215;;;;
277;{'contamination': 0.2179869575608004, 'max_features': 1, 'max_samples': 0.5, 'n_estimators': 50};0.773480923;0.292080595;0.027491822;0.050253572;;;;
278;{'contamination': 0.2179869575608004, 'max_features': 1, 'max_samples': 0.5, 'n_estimators': 75};0.772677104;0.272492292;0.025648091;0.04688333;;;;
279;{'contamination': 0.2179869575608004, 'max_features': 1, 'max_samples': 0.5, 'n_estimators': 100};0.773556747;0.293928353;0.02766574;0.050571485;;;;
280;{'contamination': 0.2179869575608004, 'max_features': 1, 'max_samples': 0.4, 'n_estimators': 25};0.770799397;0.226734349;0.021341166;0.039010503;;;;
281;{'contamination': 0.2179869575608004, 'max_features': 1, 'max_samples': 0.4, 'n_estimators': 50};0.773029387;0.281077097;0.026456128;0.048360378;;;;
282;{'contamination': 0.2179869575608004, 'max_features': 1, 'max_samples': 0.4, 'n_estimators': 75};0.774068345;0.306395524;0.028839202;0.052716509;;;;
283;{'contamination': 0.2179869575608004, 'max_features': 1, 'max_samples': 0.4, 'n_estimators': 100};0.773069855;0.28206326;0.026548949;0.048530051;;;;
284;{'contamination': 0.2179869575608004, 'max_features': 1, 'max_samples': 0.25, 'n_estimators': 25};0.772829604;0.276208568;0.025997882;0.047522729;;;;
285;{'contamination': 0.2179869575608004, 'max_features': 1, 'max_samples': 0.25, 'n_estimators': 50};0.772634507;0.271454226;0.025550384;0.046704727;;;;
286;{'contamination': 0.2179869575608004, 'max_features': 1, 'max_samples': 0.25, 'n_estimators': 75};0.772767837;0.274703373;0.025856207;0.047263755;;;;
287;{'contamination': 0.2179869575608004, 'max_features': 1, 'max_samples': 0.25, 'n_estimators': 100};0.772986364;0.280028651;0.026357444;0.048179989;;;;
288;{'contamination': 0.3139438329804116, 'max_features': 8, 'max_samples': 0.5, 'n_estimators': 25};0.683411472;0.43555168;0.028465516;0.053438551;;;;
289;{'contamination': 0.3139438329804116, 'max_features': 8, 'max_samples': 0.5, 'n_estimators': 50};0.683813594;0.445351022;0.029105953;0.054640849;;;;
290;{'contamination': 0.3139438329804116, 'max_features': 8, 'max_samples': 0.5, 'n_estimators': 75};0.68378761;0.444717802;0.029064569;0.054563158;;;;
291;{'contamination': 0.3139438329804116, 'max_features': 8, 'max_samples': 0.5, 'n_estimators': 100};0.68373564;0.443451361;0.0289818;0.054407776;;;;
292;{'contamination': 0.3139438329804116, 'max_features': 8, 'max_samples': 0.4, 'n_estimators': 25};0.683679411;0.442081114;0.028892248;0.054239658;;;;
293;{'contamination': 0.3139438329804116, 'max_features': 8, 'max_samples': 0.4, 'n_estimators': 50};0.683635962;0.441022287;0.028823048;0.054109749;;;;
294;{'contamination': 0.3139438329804116, 'max_features': 8, 'max_samples': 0.4, 'n_estimators': 75};0.683512854;0.438022277;0.028626982;0.053741673;;;;
295;{'contamination': 0.3139438329804116, 'max_features': 8, 'max_samples': 0.4, 'n_estimators': 100};0.683823392;0.445589777;0.029121557;0.054670142;;;;
296;{'contamination': 0.3139438329804116, 'max_features': 8, 'max_samples': 0.25, 'n_estimators': 25};0.683219356;0.430870003;0.028159545;0.052864149;;;;
297;{'contamination': 0.3139438329804116, 'max_features': 8, 'max_samples': 0.25, 'n_estimators': 50};0.68351328;0.438032658;0.028627661;0.053742947;;;;
298;{'contamination': 0.3139438329804116, 'max_features': 8, 'max_samples': 0.25, 'n_estimators': 75};0.683747994;0.443752401;0.029001475;0.054444711;;;;
299;{'contamination': 0.3139438329804116, 'max_features': 8, 'max_samples': 0.25, 'n_estimators': 100};0.683771848;0.444333717;0.029039467;0.054516034;;;;
300;{'contamination': 0.3139438329804116, 'max_features': 6, 'max_samples': 0.5, 'n_estimators': 25};0.682881556;0.422638141;0.027621551;0.051854168;;;;
301;{'contamination': 0.3139438329804116, 'max_features': 6, 'max_samples': 0.5, 'n_estimators': 50};0.683646611;0.441281804;0.028840009;0.05414159;;;;
302;{'contamination': 0.3139438329804116, 'max_features': 6, 'max_samples': 0.5, 'n_estimators': 75};0.683870249;0.44673165;0.029196184;0.05481024;;;;
303;{'contamination': 0.3139438329804116, 'max_features': 6, 'max_samples': 0.5, 'n_estimators': 100};0.683760773;0.44406382;0.029021828;0.05448292;;;;
304;{'contamination': 0.3139438329804116, 'max_features': 6, 'max_samples': 0.4, 'n_estimators': 25};0.683581011;0.439683182;0.028735531;0.053945452;;;;
305;{'contamination': 0.3139438329804116, 'max_features': 6, 'max_samples': 0.4, 'n_estimators': 50};0.683282401;0.432406341;0.028259952;0.053052644;;;;
306;{'contamination': 0.3139438329804116, 'max_features': 6, 'max_samples': 0.4, 'n_estimators': 75};0.683686227;0.442247205;0.028903103;0.054260036;;;;
307;{'contamination': 0.3139438329804116, 'max_features': 6, 'max_samples': 0.4, 'n_estimators': 100};0.683825096;0.4456313;0.029124271;0.054675236;;;;
308;{'contamination': 0.3139438329804116, 'max_features': 6, 'max_samples': 0.25, 'n_estimators': 25};0.683271751;0.432146824;0.028242991;0.053020804;;;;
309;{'contamination': 0.3139438329804116, 'max_features': 6, 'max_samples': 0.25, 'n_estimators': 50};0.683488148;0.437420199;0.028587633;0.053667803;;;;
310;{'contamination': 0.3139438329804116, 'max_features': 6, 'max_samples': 0.25, 'n_estimators': 75};0.683649593;0.441354468;0.028844758;0.054150505;;;;
311;{'contamination': 0.3139438329804116, 'max_features': 6, 'max_samples': 0.25, 'n_estimators': 100};0.68370284;0.442652051;0.028929561;0.054309707;;;;
312;{'contamination': 0.3139438329804116, 'max_features': 4, 'max_samples': 0.5, 'n_estimators': 25};0.683043002;0.42657241;0.027878675;0.05233687;;;;
313;{'contamination': 0.3139438329804116, 'max_features': 4, 'max_samples': 0.5, 'n_estimators': 50};0.68325599;0.43176274;0.02821789;0.05297368;;;;
314;{'contamination': 0.3139438329804116, 'max_features': 4, 'max_samples': 0.5, 'n_estimators': 75};0.683422973;0.435831958;0.028483834;0.053472939;;;;
315;{'contamination': 0.3139438329804116, 'max_features': 4, 'max_samples': 0.5, 'n_estimators': 100};0.683490277;0.437472102;0.028591025;0.053674171;;;;
316;{'contamination': 0.3139438329804116, 'max_features': 4, 'max_samples': 0.4, 'n_estimators': 25};0.682915634;0.423468593;0.027675825;0.051956058;;;;
317;{'contamination': 0.3139438329804116, 'max_features': 4, 'max_samples': 0.4, 'n_estimators': 50};0.683244489;0.431482462;0.028199572;0.052939292;;;;
318;{'contamination': 0.3139438329804116, 'max_features': 4, 'max_samples': 0.4, 'n_estimators': 75};0.683583992;0.439755847;0.02874028;0.053954367;;;;
319;{'contamination': 0.3139438329804116, 'max_features': 4, 'max_samples': 0.4, 'n_estimators': 100};0.683430641;0.43601881;0.028496045;0.053495864;;;;
320;{'contamination': 0.3139438329804116, 'max_features': 4, 'max_samples': 0.25, 'n_estimators': 25};0.683448958;0.436465178;0.028525218;0.05355063;;;;
321;{'contamination': 0.3139438329804116, 'max_features': 4, 'max_samples': 0.25, 'n_estimators': 50};0.683347149;0.433984201;0.028363073;0.053246235;;;;
322;{'contamination': 0.3139438329804116, 'max_features': 4, 'max_samples': 0.25, 'n_estimators': 75};0.6836743;0.441956547;0.028884107;0.054224375;;;;
323;{'contamination': 0.3139438329804116, 'max_features': 4, 'max_samples': 0.25, 'n_estimators': 100};0.683532023;0.438489407;0.028657511;0.053798986;;;;
324;{'contamination': 0.3139438329804116, 'max_features': 1, 'max_samples': 0.5, 'n_estimators': 25};0.680449653;0.36337496;0.023748401;0.044583071;;;;
325;{'contamination': 0.3139438329804116, 'max_features': 1, 'max_samples': 0.5, 'n_estimators': 50};0.6796092;0.34289392;0.022409861;0.042070218;;;;
326;{'contamination': 0.3139438329804116, 'max_features': 1, 'max_samples': 0.5, 'n_estimators': 75};0.68068394;0.369084322;0.024121536;0.045283562;;;;
327;{'contamination': 0.3139438329804116, 'max_features': 1, 'max_samples': 0.5, 'n_estimators': 100};0.680846664;0.373049734;0.024380696;0.045770085;;;;
328;{'contamination': 0.3139438329804116, 'max_features': 1, 'max_samples': 0.4, 'n_estimators': 25};0.680293745;0.359575639;0.023500096;0.044116926;;;;
329;{'contamination': 0.3139438329804116, 'max_features': 1, 'max_samples': 0.4, 'n_estimators': 50};0.681170406;0.380939034;0.024896302;0.046738036;;;;
330;{'contamination': 0.3139438329804116, 'max_features': 1, 'max_samples': 0.4, 'n_estimators': 75};0.680802362;0.371970145;0.02431014;0.045637628;;;;
331;{'contamination': 0.3139438329804116, 'max_features': 1, 'max_samples': 0.4, 'n_estimators': 100};0.680833458;0.372727933;0.024359665;0.045730603;;;;
332;{'contamination': 0.3139438329804116, 'max_features': 1, 'max_samples': 0.25, 'n_estimators': 25};0.680591503;0.366831719;0.023974317;0.045007186;;;;
333;{'contamination': 0.3139438329804116, 'max_features': 1, 'max_samples': 0.25, 'n_estimators': 50};0.681136328;0.380108582;0.024842028;0.046636146;;;;
334;{'contamination': 0.3139438329804116, 'max_features': 1, 'max_samples': 0.25, 'n_estimators': 75};0.680862851;0.373444199;0.024406477;0.045818482;;;;
335;{'contamination': 0.3139438329804116, 'max_features': 1, 'max_samples': 0.25, 'n_estimators': 100};0.681050281;0.378011689;0.024704985;0.046378875;;;;
336;{'contamination': 0.40990070840002285, 'max_features': 8, 'max_samples': 0.5, 'n_estimators': 25};0.591104363;0.524493164;0.026253819;0.050004627;;;;
337;{'contamination': 0.40990070840002285, 'max_features': 8, 'max_samples': 0.5, 'n_estimators': 50};0.591673894;0.538372105;0.026948538;0.05132783;;;;
338;{'contamination': 0.40990070840002285, 'max_features': 8, 'max_samples': 0.5, 'n_estimators': 75};0.591669634;0.538268299;0.026943342;0.051317934;;;;
339;{'contamination': 0.40990070840002285, 'max_features': 8, 'max_samples': 0.5, 'n_estimators': 100};0.591945241;0.544984585;0.027279529;0.051958257;;;;
340;{'contamination': 0.40990070840002285, 'max_features': 8, 'max_samples': 0.4, 'n_estimators': 25};0.590991905;0.52175267;0.026116642;0.049743351;;;;
341;{'contamination': 0.40990070840002285, 'max_features': 8, 'max_samples': 0.4, 'n_estimators': 50};0.591034076;0.522780356;0.026168083;0.049841329;;;;
342;{'contamination': 0.40990070840002285, 'max_features': 8, 'max_samples': 0.4, 'n_estimators': 75};0.591557602;0.535538185;0.026806684;0.051057647;;;;
343;{'contamination': 0.40990070840002285, 'max_features': 8, 'max_samples': 0.4, 'n_estimators': 100};0.591620647;0.537074523;0.026883587;0.05120412;;;;
344;{'contamination': 0.40990070840002285, 'max_features': 8, 'max_samples': 0.25, 'n_estimators': 25};0.590894782;0.51938588;0.025998171;0.049517704;;;;
345;{'contamination': 0.40990070840002285, 'max_features': 8, 'max_samples': 0.25, 'n_estimators': 50};0.591805521;0.541579729;0.027109097;0.051633642;;;;
346;{'contamination': 0.40990070840002285, 'max_features': 8, 'max_samples': 0.25, 'n_estimators': 75};0.591634704;0.537417084;0.026900734;0.05123678;;;;
347;{'contamination': 0.40990070840002285, 'max_features': 8, 'max_samples': 0.25, 'n_estimators': 100};0.591437903;0.53262122;0.026660674;0.050779547;;;;
348;{'contamination': 0.40990070840002285, 'max_features': 6, 'max_samples': 0.5, 'n_estimators': 25};0.591112456;0.524690397;0.026263692;0.050023431;;;;
349;{'contamination': 0.40990070840002285, 'max_features': 6, 'max_samples': 0.5, 'n_estimators': 50};0.59197506;0.545711231;0.027315902;0.052027535;;;;
350;{'contamination': 0.40990070840002285, 'max_features': 6, 'max_samples': 0.5, 'n_estimators': 75};0.591539711;0.535102198;0.026784861;0.051016081;;;;
351;{'contamination': 0.40990070840002285, 'max_features': 6, 'max_samples': 0.5, 'n_estimators': 100};0.591670486;0.53828906;0.026944381;0.051319913;;;;
352;{'contamination': 0.40990070840002285, 'max_features': 6, 'max_samples': 0.4, 'n_estimators': 25};0.591151646;0.525645417;0.026311496;0.050114481;;;;
353;{'contamination': 0.40990070840002285, 'max_features': 6, 'max_samples': 0.4, 'n_estimators': 50};0.591263252;0.52836515;0.026447634;0.050373778;;;;
354;{'contamination': 0.40990070840002285, 'max_features': 6, 'max_samples': 0.4, 'n_estimators': 75};0.591494984;0.534012228;0.026730302;0.050912164;;;;
355;{'contamination': 0.40990070840002285, 'max_features': 6, 'max_samples': 0.4, 'n_estimators': 100};0.591483482;0.533731951;0.026716272;0.050885443;;;;
356;{'contamination': 0.40990070840002285, 'max_features': 6, 'max_samples': 0.25, 'n_estimators': 25};0.591119698;0.524866868;0.026272525;0.050040255;;;;
357;{'contamination': 0.40990070840002285, 'max_features': 6, 'max_samples': 0.25, 'n_estimators': 50};0.591322889;0.529818442;0.026520379;0.050512333;;;;
358;{'contamination': 0.40990070840002285, 'max_features': 6, 'max_samples': 0.25, 'n_estimators': 75};0.591728845;0.53971121;0.027015568;0.051455499;;;;
359;{'contamination': 0.40990070840002285, 'max_features': 6, 'max_samples': 0.25, 'n_estimators': 100};0.59142129;0.532216374;0.026640409;0.050740949;;;;
360;{'contamination': 0.40990070840002285, 'max_features': 4, 'max_samples': 0.5, 'n_estimators': 25};0.591096695;0.524306312;0.026244466;0.049986812;;;;
361;{'contamination': 0.40990070840002285, 'max_features': 4, 'max_samples': 0.5, 'n_estimators': 50};0.59097657;0.521378967;0.026097936;0.049707722;;;;
362;{'contamination': 0.40990070840002285, 'max_features': 4, 'max_samples': 0.5, 'n_estimators': 75};0.591467295;0.533337486;0.026696527;0.050847835;;;;
363;{'contamination': 0.40990070840002285, 'max_features': 4, 'max_samples': 0.5, 'n_estimators': 100};0.591256011;0.528188679;0.0264388;0.050356953;;;;
364;{'contamination': 0.40990070840002285, 'max_features': 4, 'max_samples': 0.4, 'n_estimators': 25};0.590620453;0.512700736;0.025663542;0.048880349;;;;
365;{'contamination': 0.40990070840002285, 'max_features': 4, 'max_samples': 0.4, 'n_estimators': 50};0.590989775;0.521700767;0.026114044;0.049738403;;;;
366;{'contamination': 0.40990070840002285, 'max_features': 4, 'max_samples': 0.4, 'n_estimators': 75};0.591092009;0.524192125;0.02623875;0.049975926;;;;
367;{'contamination': 0.40990070840002285, 'max_features': 4, 'max_samples': 0.4, 'n_estimators': 100};0.591342484;0.530295953;0.026544281;0.050557858;;;;
368;{'contamination': 0.40990070840002285, 'max_features': 4, 'max_samples': 0.25, 'n_estimators': 25};0.591325871;0.529891107;0.026524016;0.050519261;;;;
369;{'contamination': 0.40990070840002285, 'max_features': 4, 'max_samples': 0.25, 'n_estimators': 50};0.590999572;0.521939522;0.026125995;0.049761165;;;;
370;{'contamination': 0.40990070840002285, 'max_features': 4, 'max_samples': 0.25, 'n_estimators': 75};0.590976996;0.521389347;0.026098456;0.049708712;;;;
371;{'contamination': 0.40990070840002285, 'max_features': 4, 'max_samples': 0.25, 'n_estimators': 100};0.591667078;0.538206015;0.026940224;0.051311995;;;;
372;{'contamination': 0.40990070840002285, 'max_features': 1, 'max_samples': 0.5, 'n_estimators': 25};0.588044995;0.449939273;0.02252198;0.042896737;;;;
373;{'contamination': 0.40990070840002285, 'max_features': 1, 'max_samples': 0.5, 'n_estimators': 50};0.587607091;0.439267956;0.02198782;0.041879345;;;;
374;{'contamination': 0.40990070840002285, 'max_features': 1, 'max_samples': 0.5, 'n_estimators': 75};0.588522515;0.461575992;0.023104462;0.04400617;;;;
375;{'contamination': 0.40990070840002285, 'max_features': 1, 'max_samples': 0.5, 'n_estimators': 100};0.588998332;0.473171187;0.023684867;0.045111643;;;;
376;{'contamination': 0.40990070840002285, 'max_features': 1, 'max_samples': 0.4, 'n_estimators': 25};0.588131042;0.452036166;0.022626941;0.043096653;;;;
377;{'contamination': 0.40990070840002285, 'max_features': 1, 'max_samples': 0.4, 'n_estimators': 50};0.588248186;0.454890847;0.022769834;0.043368815;;;;
378;{'contamination': 0.40990070840002285, 'max_features': 1, 'max_samples': 0.4, 'n_estimators': 75};0.588817718;0.468769788;0.023464552;0.044692019;;;;
379;{'contamination': 0.40990070840002285, 'max_features': 1, 'max_samples': 0.4, 'n_estimators': 100};0.5887338;0.466724798;0.023362189;0.044497051;;;;
380;{'contamination': 0.40990070840002285, 'max_features': 1, 'max_samples': 0.25, 'n_estimators': 25};0.588614527;0.463818214;0.023216698;0.044219941;;;;
381;{'contamination': 0.40990070840002285, 'max_features': 1, 'max_samples': 0.25, 'n_estimators': 50};0.588758507;0.467326877;0.023392326;0.044554453;;;;
382;{'contamination': 0.40990070840002285, 'max_features': 1, 'max_samples': 0.25, 'n_estimators': 75};0.58902602;0.47384593;0.023718642;0.045175973;;;;
383;{'contamination': 0.40990070840002285, 'max_features': 1, 'max_samples': 0.25, 'n_estimators': 100};0.58880579;0.46847913;0.023450003;0.044664308;;;;
384;{'contamination': 0.5058575838196341, 'max_features': 8, 'max_samples': 0.5, 'n_estimators': 25};6.9492152525553e-310;0;0;0;;;;
385;{'contamination': 0.5058575838196341, 'max_features': 8, 'max_samples': 0.5, 'n_estimators': 50};6.9493111203524e-310;0;0;0;;;;
386;{'contamination': 0.5058575838196341, 'max_features': 8, 'max_samples': 0.5, 'n_estimators': 75};6.9492674799865e-310;0;0;0;;;;
387;{'contamination': 0.5058575838196341, 'max_features': 8, 'max_samples': 0.5, 'n_estimators': 100};6.94931111845165e-310;0;0;0;;;;
388;{'contamination': 0.5058575838196341, 'max_features': 8, 'max_samples': 0.4, 'n_estimators': 25};6.9492166368308e-310;0;0;0;;;;
389;{'contamination': 0.5058575838196341, 'max_features': 8, 'max_samples': 0.4, 'n_estimators': 50};6.94931111845165e-310;0;0;0;;;;
390;{'contamination': 0.5058575838196341, 'max_features': 8, 'max_samples': 0.4, 'n_estimators': 75};6.94921525259006e-310;0;0;0;;;;
391;{'contamination': 0.5058575838196341, 'max_features': 8, 'max_samples': 0.4, 'n_estimators': 100};6.9493111201892e-310;0;0;0;;;;
392;{'contamination': 0.5058575838196341, 'max_features': 8, 'max_samples': 0.25, 'n_estimators': 25};6.94921525251733e-310;0;0;0;;;;
393;{'contamination': 0.5058575838196341, 'max_features': 8, 'max_samples': 0.25, 'n_estimators': 50};6.9493111201892e-310;0;0;0;;;;
394;{'contamination': 0.5058575838196341, 'max_features': 8, 'max_samples': 0.25, 'n_estimators': 75};6.94931109862894e-310;0;0;0;;;;
395;{'contamination': 0.5058575838196341, 'max_features': 8, 'max_samples': 0.25, 'n_estimators': 100};6.94931112016704e-310;0;0;0;;;;
396;{'contamination': 0.5058575838196341, 'max_features': 6, 'max_samples': 0.5, 'n_estimators': 25};6.94921525258057e-310;0;0;0;;;;
397;{'contamination': 0.5058575838196341, 'max_features': 6, 'max_samples': 0.5, 'n_estimators': 50};6.9493111201892e-310;0;0;0;;;;
398;{'contamination': 0.5058575838196341, 'max_features': 6, 'max_samples': 0.5, 'n_estimators': 75};6.94921525257425e-310;0;0;0;;;;
399;{'contamination': 0.5058575838196341, 'max_features': 6, 'max_samples': 0.5, 'n_estimators': 100};6.9492096818165e-310;0;0;0;;;;
400;{'contamination': 0.5058575838196341, 'max_features': 6, 'max_samples': 0.4, 'n_estimators': 25};6.94921555535033e-310;0;0;0;;;;
401;{'contamination': 0.5058575838196341, 'max_features': 6, 'max_samples': 0.4, 'n_estimators': 50};6.9492166081141e-310;0;0;0;;;;
402;{'contamination': 0.5058575838196341, 'max_features': 6, 'max_samples': 0.4, 'n_estimators': 75};6.94921525258374e-310;0;0;0;;;;
403;{'contamination': 0.5058575838196341, 'max_features': 6, 'max_samples': 0.4, 'n_estimators': 100};6.94931112016704e-310;0;0;0;;;;
404;{'contamination': 0.5058575838196341, 'max_features': 6, 'max_samples': 0.25, 'n_estimators': 25};6.9492152525774e-310;0;0;0;;;;
405;{'contamination': 0.5058575838196341, 'max_features': 6, 'max_samples': 0.25, 'n_estimators': 50};6.9492166081141e-310;0;0;0;;;;
406;{'contamination': 0.5058575838196341, 'max_features': 6, 'max_samples': 0.25, 'n_estimators': 75};6.9492166151393e-310;0;0;0;;;;
407;{'contamination': 0.5058575838196341, 'max_features': 6, 'max_samples': 0.25, 'n_estimators': 100};6.94931111845165e-310;0;0;0;;;;
408;{'contamination': 0.5058575838196341, 'max_features': 4, 'max_samples': 0.5, 'n_estimators': 25};6.94921689747926e-310;0;0;0;;;;
409;{'contamination': 0.5058575838196341, 'max_features': 4, 'max_samples': 0.5, 'n_estimators': 50};6.94931112016704e-310;0;0;0;;;;
410;{'contamination': 0.5058575838196341, 'max_features': 4, 'max_samples': 0.5, 'n_estimators': 75};6.9492155552839e-310;0;0;0;;;;
411;{'contamination': 0.5058575838196341, 'max_features': 4, 'max_samples': 0.5, 'n_estimators': 100};6.9493111201892e-310;0;0;0;;;;
412;{'contamination': 0.5058575838196341, 'max_features': 4, 'max_samples': 0.4, 'n_estimators': 25};6.9493110872836e-310;0;0;0;;;;
413;{'contamination': 0.5058575838196341, 'max_features': 4, 'max_samples': 0.4, 'n_estimators': 50};6.94931112016704e-310;0;0;0;;;;
414;{'contamination': 0.5058575838196341, 'max_features': 4, 'max_samples': 0.4, 'n_estimators': 75};6.9493102320702e-310;0;0;0;;;;
415;{'contamination': 0.5058575838196341, 'max_features': 4, 'max_samples': 0.4, 'n_estimators': 100};6.94931111845165e-310;0;0;0;;;;
416;{'contamination': 0.5058575838196341, 'max_features': 4, 'max_samples': 0.25, 'n_estimators': 25};6.9492681717258e-310;0;0;0;;;;
417;{'contamination': 0.5058575838196341, 'max_features': 4, 'max_samples': 0.25, 'n_estimators': 50};6.94921796312036e-310;0;0;0;;;;
418;{'contamination': 0.5058575838196341, 'max_features': 4, 'max_samples': 0.25, 'n_estimators': 75};6.94921525255844e-310;0;0;0;;;;
419;{'contamination': 0.5058575838196341, 'max_features': 4, 'max_samples': 0.25, 'n_estimators': 100};6.94931111845165e-310;0;0;0;;;;
420;{'contamination': 0.5058575838196341, 'max_features': 1, 'max_samples': 0.5, 'n_estimators': 25};6.9492677310738e-310;0;0;0;;;;
421;{'contamination': 0.5058575838196341, 'max_features': 1, 'max_samples': 0.5, 'n_estimators': 50};6.9493111233259e-310;0;0;0;;;;
422;{'contamination': 0.5058575838196341, 'max_features': 1, 'max_samples': 0.5, 'n_estimators': 75};6.9492161053458e-310;0;0;0;;;;
423;{'contamination': 0.5058575838196341, 'max_features': 1, 'max_samples': 0.5, 'n_estimators': 100};6.94931111845165e-310;0;0;0;;;;
424;{'contamination': 0.5058575838196341, 'max_features': 1, 'max_samples': 0.4, 'n_estimators': 25};6.9492681718175e-310;0;0;0;;;;
425;{'contamination': 0.5058575838196341, 'max_features': 1, 'max_samples': 0.4, 'n_estimators': 50};6.94931112329744e-310;0;0;0;;;;
426;{'contamination': 0.5058575838196341, 'max_features': 1, 'max_samples': 0.4, 'n_estimators': 75};6.94921610046363e-310;0;0;0;;;;
427;{'contamination': 0.5058575838196341, 'max_features': 1, 'max_samples': 0.4, 'n_estimators': 100};6.9493111203524e-310;0;0;0;;;;
428;{'contamination': 0.5058575838196341, 'max_features': 1, 'max_samples': 0.25, 'n_estimators': 25};6.94921610533946e-310;0;0;0;;;;
429;{'contamination': 0.5058575838196341, 'max_features': 1, 'max_samples': 0.25, 'n_estimators': 50};6.9493111201892e-310;0;0;0;;;;
430;{'contamination': 0.5058575838196341, 'max_features': 1, 'max_samples': 0.25, 'n_estimators': 75};6.9492161053363e-310;0;0;0;;;;
431;{'contamination': 0.5058575838196341, 'max_features': 1, 'max_samples': 0.25, 'n_estimators': 100};6.94931111845165e-310;1.98e-321;0;0;;;;
